{"cejaD": {"P2": {"y": 35, "x": 328}, "P3": {"y": 89, "x": 355}, "P1": {"y": 84, "x": 285}, "P4": {"y": 55, "x": 326}}, "parpadoI": {"P2": {"y": 80, "x": 160}, "P3": {"y": 151, "x": 214}, "P1": {"y": 151, "x": 112}, "P4": {"y": 80, "x": 160}}, "ojoI": {"Radio1": {"Value": 34}, "Center": {"y": 151, "x": 161}, "Radio2": {"Value": 34}}, "cejaI": {"P2": {"y": 35, "x": 153}, "P3": {"y": 89, "x": 195}, "P1": {"y": 89, "x": 122}, "P4": {"y": 55, "x": 156}}, "ojoD": {"Radio1": {"Value": 34}, "Center": {"y": 151, "x": 316}, "Radio2": {"Value": 34}}, "boca": {"P2": {"y": 170, "x": 239}, "P3": {"y": 234, "x": 270}, "P1": {"y": 234, "x": 207}, "P6": {"y": 242, "x": 207}, "P4": {"y": 242, "x": 270}, "P5": {"y": 315, "x": 239}}, "pupilaD": {"Radio": {"Value": 5}, "Center": {"y": 151, "x": 316}}, "mejillaI": {"P2": {"y": 188, "x": 160}, "P3": {"y": 187, "x": 201}, "P1": {"y": 187, "x": 122}, "P4": {"y": 187, "x": 160}}, "parpadoD": {"P2": {"y": 80, "x": 314}, "P3": {"y": 151, "x": 369}, "P1": {"y": 151, "x": 266}, "P4": {"y": 80, "x": 313}}, "pupilaI": {"Radio": {"Value": 5}, "Center": {"y": 151, "x": 161}}, "mejillaD": {"P2": {"y": 188, "x": 314}, "P3": {"y": 187, "x": 355}, "P1": {"y": 187, "x": 278}, "P4": {"y": 187, "x": 313}}}