{"cejaD": {"P2": {"y": 86, "x": 314}, "P3": {"y": 99, "x": 355}, "P1": {"y": 65, "x": 278}, "P4": {"y": 107, "x": 313}}, "parpadoI": {"P2": {"y": 80, "x": 160}, "P3": {"y": 151, "x": 214}, "P1": {"y": 151, "x": 112}, "P4": {"y": 80, "x": 160}}, "ojoI": {"Radio1": {"Value": 34}, "Center": {"y": 151, "x": 161}, "Radio2": {"Value": 34}}, "cejaI": {"P2": {"y": 86, "x": 160}, "P3": {"y": 65, "x": 194}, "P1": {"y": 99, "x": 122}, "P4": {"y": 107, "x": 160}}, "ojoD": {"Radio1": {"Value": 34}, "Center": {"y": 151, "x": 316}, "Radio2": {"Value": 34}}, "boca": {"P2": {"y": 197, "x": 239}, "P3": {"y": 264, "x": 309}, "P1": {"y": 264, "x": 173}, "P6": {"y": 264, "x": 173}, "P4": {"y": 264, "x": 309}, "P5": {"y": 251, "x": 239}}, "pupilaD": {"Radio": {"Value": 10}, "Center": {"y": 151, "x": 316}}, "lengua": {"P2": {"y": 249, "x": 240}, "P3": {"y": 249, "x": 309}, "P1": {"y": 249, "x": 200}, "P4": {"y": 249, "x": 273}}, "mejillaI": {"P2": {"y": 188, "x": 160}, "P3": {"y": 187, "x": 201}, "P1": {"y": 187, "x": 122}, "P4": {"y": 187, "x": 160}}, "parpadoD": {"P2": {"y": 80, "x": 314}, "P3": {"y": 151, "x": 369}, "P1": {"y": 151, "x": 266}, "P4": {"y": 80, "x": 313}}, "pupilaI": {"Radio": {"Value": 10}, "Center": {"y": 151, "x": 161}}, "mejillaD": {"P2": {"y": 188, "x": 314}, "P3": {"y": 187, "x": 355}, "P1": {"y": 187, "x": 278}, "P4": {"y": 187, "x": 313}}}