{"cejaD": {"P2": {"y": 45, "x": 328}, "P3": {"y": 99, "x": 355}, "P1": {"y": 94, "x": 285}, "P4": {"y": 65, "x": 326}}, "parpadoI": {"P2": {"y": 66, "x": 160}, "P3": {"y": 151, "x": 214}, "P1": {"y": 151, "x": 112}, "P4": {"y": 80, "x": 160}}, "ojoI": {"Radio1": {"Value": 34}, "Center": {"y": 151, "x": 161}, "Radio2": {"Value": 34}}, "cejaI": {"P2": {"y": 45, "x": 153}, "P3": {"y": 99, "x": 195}, "P1": {"y": 94, "x": 122}, "P4": {"y": 65, "x": 156}}, "ojoD": {"Radio1": {"Value": 34}, "Center": {"y": 151, "x": 316}, "Radio2": {"Value": 34}}, "boca": {"P2": {"y": 305, "x": 239}, "P3": {"y": 234, "x": 294}, "P1": {"y": 234, "x": 184}, "P6": {"y": 242, "x": 188}, "P4": {"y": 242, "x": 288}, "P5": {"y": 337, "x": 239}}, "pupilaD": {"Radio": {"Value": 5}, "Center": {"y": 151, "x": 316}}, "lengua": {"P2": {"y": 272, "x": 240}, "P3": {"y": 272, "x": 261}, "P1": {"y": 272, "x": 213}, "P4": {"y": 272, "x": 266}}, "mejillaI": {"P2": {"y": 188, "x": 160}, "P3": {"y": 187, "x": 201}, "P1": {"y": 187, "x": 122}, "P4": {"y": 187, "x": 160}}, "parpadoD": {"P2": {"y": 66, "x": 314}, "P3": {"y": 151, "x": 369}, "P1": {"y": 151, "x": 266}, "P4": {"y": 80, "x": 313}}, "pupilaI": {"Radio": {"Value": 5}, "Center": {"y": 151, "x": 161}}, "mejillaD": {"P2": {"y": 188, "x": 314}, "P3": {"y": 187, "x": 355}, "P1": {"y": 187, "x": 278}, "P4": {"y": 187, "x": 313}}}