{"cejaD": {"P2": {"y": 73, "x": 314}, "P3": {"y": 99, "x": 355}, "P1": {"y": 99, "x": 278}, "P4": {"y": 94, "x": 313}}, "parpadoI": {"P2": {"y": 80, "x": 160}, "P3": {"y": 151, "x": 214}, "P1": {"y": 151, "x": 112}, "P4": {"y": 80, "x": 160}}, "ojoI": {"Radio1": {"Value": 34}, "Center": {"y": 151, "x": 161}, "Radio2": {"Value": 34}}, "cejaI": {"P2": {"y": 73, "x": 160}, "P3": {"y": 99, "x": 201}, "P1": {"y": 99, "x": 122}, "P4": {"y": 94, "x": 160}}, "ojoD": {"Radio1": {"Value": 34}, "Center": {"y": 151, "x": 316}, "Radio2": {"Value": 34}}, "boca": {"P2": {"y": 231, "x": 239}, "P3": {"y": 234, "x": 309}, "P1": {"y": 234, "x": 170}, "P6": {"y": 242, "x": 170}, "P4": {"y": 242, "x": 309}, "P5": {"y": 241, "x": 239}}, "pupilaD": {"Radio": {"Value": 5}, "Center": {"y": 151, "x": 316}}, "lengua": {"P2": {"y": 238, "x": 239}, "P3": {"y": 238, "x": 309}, "P1": {"y": 238, "x": 199}, "P4": {"y": 238, "x": 273}}, "mejillaI": {"P2": {"y": 188, "x": 160}, "P3": {"y": 187, "x": 201}, "P1": {"y": 187, "x": 122}, "P4": {"y": 187, "x": 160}}, "parpadoD": {"P2": {"y": 80, "x": 314}, "P3": {"y": 151, "x": 369}, "P1": {"y": 151, "x": 266}, "P4": {"y": 80, "x": 313}}, "pupilaI": {"Radio": {"Value": 5}, "Center": {"y": 151, "x": 161}}, "mejillaD": {"P2": {"y": 188, "x": 314}, "P3": {"y": 187, "x": 355}, "P1": {"y": 187, "x": 278}, "P4": {"y": 187, "x": 313}}}